NEWID,INCLASS
2792005,5
2792065,8
2792075,5
2792095,7
2792115,8
2792125,4
2792155,9
2792225,1
2792245,8
2792265,4
2792275,7
2792295,8
2792335,6
2792385,8
2792415,6
2792435,8
2792455,4
2792525,9
2792585,6
2792595,9
2792605,9
2792645,8
2792725,5
2792755,3
2792805,8
2792815,6
2792825,9
2792885,8
2792925,7
2792955,8
2793075,4
2793085,7
2793125,7
2793155,2
2793225,9
2793235,9
2793245,9
2793255,9
2793275,9
2793345,4
2793355,5
2793385,8
2793455,5
2793465,8
2793475,5
2793495,9
2793515,9
2793525,3
2793585,9
2793645,1
2793775,5
2793795,8
2793805,8
2793815,6
2793855,5
2793985,9
2794015,9
2794075,8
2794095,9
2794105,5
2794145,8
2794155,9
2794165,9
2794175,2
2794205,9
2794315,9
2794335,9
2794365,7
2794385,6
2794405,7
2794445,9
2794505,1
2794565,3
2794585,2
2794635,8
2794715,9
2794755,6
2794815,9
2794825,5
2794855,2
2794935,1
2794955,6
2794975,9
2795105,9
2795155,5
2795165,9
2795195,2
2795205,9
2795255,5
2795295,3
2795315,9
2795335,8
2795365,8
2795445,5
2795455,9
2795465,9
2795515,6
2795615,9
2795645,3
2795695,9
2795715,9
2795735,4
2795865,9
2795875,5
2796055,9
2796085,9
2796105,5
2796125,8
2796205,9
2796225,8
2796235,5
2796245,9
2796255,5
2796265,6
2796275,5
2796395,9
2796415,3
2796465,3
2796475,3
2796485,6
2796555,9
2796565,4
2796575,9
2796585,4
2796595,8
2796605,9
2796625,7
2796645,8
2796735,5
2796765,7
2796775,9
2796785,4
2796795,6
2796815,5
2796885,9
2796925,9
2796935,2
2796945,9
2796995,1
2797025,9
2797045,5
2797085,8
2797145,9
2797195,8
2797215,5
2797235,8
2797315,6
2797325,5
2797385,9
2797405,9
2797475,8
2797525,9
2797585,5
2797645,3
2797655,9
2797675,9
2797695,9
2797725,9
2797735,9
2797805,8
2797885,6
2797895,9
2797915,6
2797935,8
2797995,4
2798005,7
2798035,9
2798045,3
2798065,2
2798075,9
2798085,8
2798135,7
2798155,6
2798175,6
2798195,5
2798225,8
2798275,7
2798305,3
2798315,9
2798335,8
2798395,5
2798405,8
2798425,9
2798465,5
2798555,5
2798615,5
2798665,4
2798675,6
2798695,5
2798735,9
2798755,9
2798785,6
2798805,9
2798835,9
2798855,1
2798865,9
2798985,1
2799005,2
2799035,6
2799085,7
2799095,7
2799135,3
2799265,8
2799365,8
2799385,1
2799395,6
2799445,9
2799455,9
2799475,9
2799495,9
2799525,5
2799555,7
2799605,6
2799625,6
2799685,6
2799695,9
2799745,5
2799765,8
2799775,8
2799785,8
2799815,6
2799835,9
2799855,9
2799865,9
2799885,1
2799895,5
2799905,4
2799935,7
2799965,9
2799975,5
2799985,9
2800005,9
2800065,9
2800085,9
2800125,5
2800145,9
2800175,9
2800185,6
2800265,7
2800285,5
2800305,9
2800335,7
2800385,9
2800425,9
2800445,9
2800485,9
2800545,9
2800555,1
2800575,3
2800595,9
2800605,6
2800665,8
2800725,9
2800775,6
2800805,7
2800845,7
2800895,3
2800965,5
2800985,9
2801015,6
2801045,8
2801065,8
2801085,4
2801145,6
2801185,9
2801275,5
2801305,6
2801355,4
2801495,6
2801505,9
2801575,8
2801625,1
2801685,9
2801705,3
2801765,9
2801775,5
2801805,5
2801825,9
2801845,5
2801865,7
2801925,9
2801955,9
2801985,4
2802045,7
2802075,8
2802095,5
2802175,9
2802195,5
2802235,2
2802335,8
2802345,5
2802475,7
2802485,1
2802585,9
2802735,1
2802755,9
2802795,9
2802895,5
2802915,3
2802945,9
2802955,4
2802995,6
2803065,6
2803085,6
2803115,9
2803205,2
2803215,1
2803255,9
2803265,9
2803415,9
2803445,9
2803455,9
2803545,9
2803565,7
2803645,9
2803665,7
2803745,9
2803775,6
2803835,7
2803845,3
2803855,5
2804085,9
2804185,5
2804225,9
2804255,6
2804345,8
2804435,6
2804455,9
2804505,9
2804575,7
2804585,1
2804615,2
2804685,1
2804705,9
2804715,9
2804775,9
2804795,4
2804865,9
2804955,9
2805045,9
2805075,9
2805115,7
2805185,9
2805195,9
2805205,2
2805215,7
2805305,9
2805315,5
2805325,9
2805345,9
2805385,9
2805395,2
2805465,8
2805495,9
2805505,3
2805515,7
2805525,8
2805545,8
2805555,4
2805565,9
2805585,8
2805605,9
2805635,9
2805645,9
2805705,7
2805745,9
2805755,8
2805815,9
2805835,4
2805875,9
2805905,9
2805945,9
2805985,7
2806085,9
2806095,5
2806125,9
2806185,9
2806195,9
2806245,9
2806325,9
2806335,9
2806345,9
2806355,9
2806385,5
2806435,7
2806475,4
2806565,5
2806815,5
2806845,6
2806855,9
2806925,8
2806995,9
2807025,8
2807065,6
2807085,9
2807125,8
2807155,6
2807165,6
2807175,7
2807215,6
2807225,3
2807245,9
2807265,9
2807275,1
2807305,7
2807325,9
2807405,9
2807475,9
2807495,4
2807505,3
2807555,9
2807605,9
2807615,8
2807645,9
2807665,9
2807685,7
2807805,6
2807815,9
2807855,8
2807875,5
2807885,9
2807895,8
2807905,9
2807915,9
2807935,9
2807945,6
2807955,9
2807965,9
2807995,8
2808025,8
2808135,9
2808165,9
2808175,8
2808185,9
2808235,9
2808255,4
2808275,4
2808285,7
2808335,8
2808355,9
2808385,5
2808395,8
2808445,9
2808545,2
2808565,5
2808585,9
2808615,4
2808635,8
2808685,1
2808715,4
2808735,6
2808785,4
2808825,4
2808865,8
2808895,9
2808985,7
2809005,9
2809085,9
2809115,9
2809175,8
2809205,9
2809215,9
2809245,9
2809265,6
2809315,6
2809325,9
2809345,9
2809375,8
2809385,5
2809395,7
2809405,6
2809475,8
2809505,4
2809575,7
2809615,7
2809705,4
2809755,6
2809785,2
2809815,5
2809855,6
2809875,9
2809945,4
2809975,6
2810005,9
2810035,5
2810075,5
2810175,6
2810185,9
2810285,9
2810455,9
2810465,2
2810515,1
2810545,7
2810575,7
2810635,9
2810645,4
2810765,8
2810815,1
2810835,7
2810845,8
2810865,9
2810885,5
2810895,8
2810925,9
2810945,8
2810975,6
2811015,9
2811055,9
2811075,1
2811085,3
2811115,7
2811145,8
2811155,9
2811165,9
2811195,1
2811205,3
2811225,8
2811265,9
2811285,9
2811295,9
2811395,4
2811415,9
2811555,8
2811655,9
2811715,3
2811735,3
2811785,9
2811805,5
2811815,8
2811835,9
2811875,9
2811885,9
2811905,8
2811975,9
2811995,1
2812005,4
2812015,9
2812055,9
2812065,1
2812075,9
2812135,2
2812225,3
2812235,3
2812245,9
2812285,5
2812315,9
2812385,9
2812405,9
2812435,7
2812475,8
2812545,8
2812635,3
2812655,9
2812675,9
2812735,9
2812795,8
2812805,5
2812875,4
2812895,4
2812945,6
2812955,6
2813035,9
2813045,5
2813075,9
2813105,6
2813155,5
2813185,8
2813215,9
2813285,7
2813315,8
2813325,9
2813395,5
2813425,8
2813465,9
2813535,1
2813545,8
2813555,9
2813585,3
2813605,9
2813615,4
2813625,5
2813635,6
2813665,9
2813695,3
2813725,9
2813745,3
2813755,9
2813775,8
2813805,5
2813825,9
2813885,8
2813895,5
2813925,9
2813945,3
2813955,2
2813975,9
2814015,9
2814135,9
2814155,9
2814205,9
2814245,9
2836284,6
2836304,9
2836404,3
2836414,8
2836574,8
2836634,9
2836644,6
2836674,8
2836694,5
2836734,9
2836764,8
2836794,4
2836824,9
2836864,7
2836884,7
2836944,9
2836994,8
2837004,3
2837054,4
2837154,6
2837174,7
2837214,9
2837244,5
2837294,5
2837374,5
2837394,9
2837424,9
2837444,8
2837454,7
2837524,4
2837584,4
2837645,6
2837704,9
2837794,9
2837844,3
2837884,9
2837924,8
2837934,8
2837954,3
2837974,8
2837984,9
2838025,2
2838084,8
2838144,9
2838164,5
2838174,9
2838244,6
2838254,9
2838274,9
2838284,6
2838324,9
2838354,9
2838364,5
2838374,4
2838384,9
2838454,1
2838474,9
2838544,3
2838554,9
2838584,7
2838624,3
2838634,9
2838654,9
2838674,4
2838684,3
2838754,8
2838764,4
2838824,6
2838844,7
2838894,3
2838904,7
2838934,3
2838954,5
2838964,8
2839004,8
2839094,7
2839104,4
2839134,2
2839254,9
2839264,9
2839314,8
2839364,6
2839404,6
2839474,1
2839524,8
2839544,9
2839584,9
2839594,9
2839644,6
2839654,9
2839684,8
2839714,4
2839894,6
2839984,9
2840034,4
2840084,8
2840154,3
2840174,9
2840224,9
2840254,8
2840274,9
2840294,9
2840305,7
2840324,1
2840354,9
2840424,6
2840444,8
2840474,7
2840574,9
2840594,6
2840644,5
2840694,4
2840714,3
2840744,5
2840844,9
2840874,9
2840894,2
2840924,6
2840944,5
2840984,5
2841014,8
2841024,9
2841074,5
2841084,2
2841094,9
2841124,8
2841134,3
2841174,3
2841214,9
2841244,8
2841304,6
2841324,9
2841354,7
2841444,7
2841484,8
2841504,4
2841524,7
2841534,6
2841604,4
2841624,6
2841654,6
2841664,5
2841684,7
2841704,3
2841724,9
2841784,3
2841804,7
2841854,6
2841934,5
2841964,7
2841984,9
2841994,9
2842044,9
2842114,9
2842154,9
2842184,3
2842254,5
2842264,8
2842284,8
2842294,9
2842334,8
2842354,8
2842384,8
2842404,5
2842414,3
2842434,9
2842474,4
2842494,8
2842584,9
2842624,9
2842634,9
2842664,9
2842694,7
2842704,5
2842724,8
2842734,7
2842794,9
2842804,6
2842824,4
2842844,7
2842854,7
2842924,7
2843004,8
2843025,9
2843074,3
2843094,9
2843124,6
2843134,3
2843174,9
2843194,6
2843204,8
2843264,6
2843324,5
2843364,6
2843464,9
2843504,9
2843614,9
2843644,9
2843684,5
2843714,1
2843764,1
2843794,3
2843814,2
2843914,9
2843924,8
2843944,9
2843974,5
2844014,5
2844074,9
2844084,8
2844104,5
2844134,8
2844144,9
2844154,9
2844164,9
2844174,7
2844184,6
2844194,6
2844214,7
2844224,6
2844274,3
2844324,9
2844334,9
2844344,6
2844354,9
2844364,4
2844374,3
2844394,5
2844404,9
2844454,9
2844524,9
2844574,9
2844614,9
2844644,4
2844654,5
2844664,5
2844674,9
2844714,6
2844734,9
2844774,9
2844824,3
2844834,9
2844844,9
2844874,3
2844884,5
2844984,6
2845004,9
2845034,8
2845044,9
2845054,8
2845104,9
2845134,9
2845154,5
2845194,4
2845204,9
2845224,1
2845304,3
2845324,9
2845374,5
2845404,2
2845424,8
2845454,9
2845474,9
2845494,9
2845574,9
2845604,9
2845624,8
2845634,9
2845644,5
2845654,3
2845674,9
2845734,9
2845764,8
2845794,5
2845824,5
2845874,8
2845894,3
2845994,9
2846004,7
2846014,9
2846054,9
2846084,9
2846164,8
2846174,8
2846254,6
2846264,9
2846294,9
2846334,9
2846354,7
2846394,1
2846414,9
2846454,9
2846474,5
2846494,9
2846504,5
2846524,9
2846544,9
2846594,1
2846614,5
2846684,9
2846734,6
2846794,8
2846844,6
2846894,9
2846904,8
2846914,7
2846934,6
2847014,9
2847054,7
2847094,5
2847104,3
2847134,9
2847225,8
2847234,4
2847284,4
2867224,9
2867264,9
2867304,1
2867354,9
2867424,8
2867484,9
2867504,9
2867534,8
2867574,5
2867604,6
2867624,3
2867644,9
2867664,5
2867694,5
2867704,9
2867754,8
2867784,3
2867794,5
2867804,5
2867824,9
2867844,6
2867854,9
2867894,7
2867924,9
2867934,9
2867964,9
2867974,5
2867984,9
2867994,1
2868034,6
2868064,9
2868084,9
2868104,5
2868144,4
2868184,9
2868324,9
2868374,2
2868414,7
2868424,5
2868484,1
2868514,6
2868524,3
2868594,8
2868684,8
2868714,9
2868794,8
2868834,9
2868844,2
2868864,9
2868884,5
2868894,9
2868944,9
2868954,6
2868994,7
2869014,5
2869084,7
2869134,5
2869144,3
2869264,9
2869274,4
2869284,9
2869294,7
2869374,9
2869384,8
2869474,7
2869484,6
2869544,8
2869574,2
2869585,9
2869604,2
2869634,9
2869684,9
2869714,8
2869744,8
2869784,9
2869814,9
2869834,9
2869874,9
2869924,9
2869964,4
2869974,8
2869994,6
2870014,8
2870024,8
2870044,5
2870074,6
2870094,9
2870124,4
2870134,1
2870164,8
2870214,9
2870234,9
2870244,9
2870334,6
2870344,9
2870364,8
2870374,9
2870394,9
2870404,9
2870434,9
2870464,9
2870554,8
2870624,9
2870654,9
2870814,4
2870874,5
2870944,9
2870984,8
2870994,5
2871004,9
2871024,9
2871074,9
2871094,9
2871114,9
2871124,9
2871154,8
2871194,7
2871204,9
2871214,7
2871224,9
2871234,9
2871314,1
2871324,8
2871374,7
2871414,9
2871424,3
2871434,8
2871454,8
2871464,6
2871494,9
2871534,9
2871564,8
2871594,9
2871614,6
2871754,7
2871774,9
2871814,9
2871864,9
2871894,9
2871994,9
2872024,7
2872164,9
2872174,8
2872204,5
2872254,9
2872344,9
2872364,9
2872404,9
2872424,5
2872454,9
2872614,9
2872654,8
2872714,8
2872744,5
2872784,1
2872804,8
2872864,6
2872874,5
2872914,6
2872934,2
2872994,9
2873034,4
2873044,9
2873074,6
2873084,9
2873114,7
2873134,5
2873214,1
2873244,5
2873274,9
2873284,5
2873364,9
2873404,9
2873454,9
2873464,9
2873494,5
2873544,7
2873574,9
2873584,9
2873614,8
2873644,9
2873664,8
2873704,9
2873734,9
2873754,9
2873764,7
2873794,6
2873804,9
2873824,7
2873894,9
2873914,9
2874014,8
2874044,6
2874064,9
2874174,8
2874194,8
2874354,1
2874364,5
2874414,4
2874434,8
2874444,9
2874454,9
2874524,9
2874545,9
2874564,3
2874614,9
2874634,1
2874654,9
2874664,5
2874704,9
2874774,8
2874784,9
2874844,8
2874914,7
2874964,9
2875004,7
2875014,9
2875024,9
2875034,3
2875044,7
2875054,6
2875064,7
2875094,9
2875224,8
2875294,9
2875324,9
2875334,8
2875344,9
2875404,9
2875424,9
2875434,9
2875454,9
2875514,7
2875554,8
2875564,9
2875624,7
2875644,9
2875684,4
2875734,8
2875754,9
2875784,7
2875874,1
2875884,6
2875894,1
2875904,6
2875994,4
2876004,8
2876014,8
2876174,9
2876194,9
2876224,9
2876234,9
2876264,9
2876284,7
2876294,9
2876304,8
2876424,5
2876444,5
2876484,7
2876564,6
2876624,9
2876634,9
2876644,9
2876654,9
2876674,6
2876844,7
2876924,9
2876944,9
2876984,9
2877044,9
2877074,5
2877094,8
2877144,7
2877214,9
2877274,9
2877284,2
2877354,7
2877364,3
2877434,9
2877444,2
2877474,5
2877514,8
2877544,5
2877564,5
2877574,7
2877634,8
2877654,9
2877684,9
2877704,4
2877734,6
2877764,9
2877794,8
2877864,9
2877884,9
2877904,9
2877914,8
2878014,9
2878024,6
2878074,5
2878124,4
2878154,9
2878164,9
2878174,5
2878184,8
2878204,9
2878254,5
2878334,6
2878474,9
2878484,3
2878514,9
2878534,4
2878544,7
2878574,7
2878594,2
2878644,9
2878654,9
2878664,9
2878684,4
2878694,1
2878734,9
2878754,6
2922413,1
2922443,6
2922473,8
2922483,9
2922493,9
2922513,9
2922563,8
2922573,4
2922603,8
2922633,9
2922643,9
2922653,9
2922663,8
2922693,9
2922703,7
2922713,9
2922723,9
2922733,9
2922743,9
2922753,8
2922763,8
2922793,7
2922823,8
2922833,9
2922953,6
2922963,7
2923003,7
2923013,5
2923033,6
2923063,9
2923143,4
2923183,9
2923193,8
2923223,5
2923273,6
2923343,9
2923363,5
2923373,5
2923383,7
2923423,8
2923463,5
2923473,8
2923535,1
2923543,5
2923553,7
2923563,9
2923613,4
2923633,3
2923653,9
2923673,5
2923683,5
2923693,6
2923753,6
2923763,8
2923773,5
2923783,3
2923793,1
2923803,9
2923813,5
2923823,8
2923833,9
2923843,9
2923893,6
2923904,3
2923913,6
2923943,9
2923993,1
2924013,1
2924093,9
2924123,5
2924143,9
2924203,3
2924213,5
2924243,9
2924253,9
2924283,9
2924313,9
2924323,9
2924333,9
2924373,9
2924413,9
2924423,9
2924455,1
2924533,8
2924553,9
2924573,6
2924603,8
2924613,9
2924683,9
2924763,6
2924803,5
2924823,7
2924913,7
2924943,9
2924953,9
2924963,7
2924973,7
2924993,9
2925023,8
2925043,6
2925063,8
2925103,5
2925123,9
2925133,5
2925203,3
2925213,3
2925233,9
2925253,9
2925273,9
2925353,9
2925383,4
2925433,9
2925473,5
2925483,8
2925493,8
2925533,7
2925573,8
2925583,8
2925603,9
2925613,3
2925623,9
2925633,4
2925653,4
2925673,4
2925693,3
2925713,5
2925773,6
2925803,6
2925823,9
2925933,9
2925943,9
2926033,5
2926073,9
2926083,6
2926123,1
2926133,9
2926185,8
2926263,8
2926273,8
2926373,8
2926393,9
2926463,5
2926533,3
2926555,1
2926593,9
2926623,9
2926643,8
2926653,9
2926663,3
2926713,3
2926743,9
2926753,9
2926763,8
2926783,5
2926803,9
2926833,9
2926853,9
2926933,8
2926943,9
2926963,1
2926983,5
2926993,5
2927043,8
2927073,9
2927103,5
2927113,5
2927123,9
2927133,9
2927193,8
2927223,8
2927263,4
2927343,9
2927353,4
2927363,9
2927373,7
2927393,1
2927443,8
2927453,9
2927473,9
2927493,9
2927513,8
2927543,9
2927553,8
2927573,4
2927623,3
2927653,8
2927663,1
2927723,9
2927753,8
2927763,8
2927803,5
2927823,7
2927893,5
2927913,9
2927943,5
2927953,9
2927973,5
2928023,7
2928033,8
2928223,6
2928253,9
2928323,7
2928353,9
2928363,8
2928373,3
2928433,9
2928483,6
2928553,9
2928623,9
2928635,1
2928693,1
2928713,9
2928753,5
2928763,9
2928774,7
2928853,5
2928873,8
2928893,9
2928903,9
2928913,8
2928923,6
2928935,6
2929033,9
2929073,9
2929093,3
2929123,5
2929173,8
2929183,4
2929253,1
2929283,8
2929353,9
2929364,5
2929393,7
2929403,7
2929443,6
2929473,5
2929483,8
2929545,2
2929553,9
2929563,8
2929593,6
2929613,6
2929643,9
2929713,9
2929743,8
2929753,6
2929803,4
2929843,9
2929953,9
2929993,9
2930013,9
2930043,6
2930063,9
2930073,9
2930083,9
2930123,9
2930173,4
2930243,8
2930263,9
2930283,8
2930393,5
2930403,5
2930453,9
2930493,7
2930503,7
2930513,3
2930553,7
2930583,8
2930593,3
2930643,2
2930673,1
2930693,8
2930733,9
2930743,9
2930753,7
2930763,8
2930773,6
2930795,6
2930813,9
2930865,1
2930884,5
2930893,4
2930945,6
2930953,4
2930963,5
2931073,9
2931083,3
2931193,3
2931213,8
2931243,9
2931253,9
2931273,3
2931293,2
2931303,5
2931323,5
2931343,9
2931393,1
2931443,8
2931453,4
2931483,6
2931563,3
2931573,9
2931623,3
2931654,2
2931663,5
2931673,9
2931723,9
2931753,4
2931763,9
2931783,9
2931833,4
2931853,9
2931903,5
2931913,4
2931923,9
2931933,9
2931943,9
2931953,7
2932023,7
2932063,5
2932143,9
2932163,6
2932173,9
2932185,5
2932203,8
2932223,9
2932233,8
2932243,1
2932253,9
2932273,3
2932343,9
2932353,5
2932363,9
2932413,9
2932433,5
2932453,5
2932463,9
2932523,8
2932533,9
2932563,2
2932603,8
2932633,6
2932663,9
2932683,7
2932693,6
2932703,9
2932733,9
2932805,9
2932833,1
2932843,9
2932903,9
2932933,8
2932953,9
2933003,9
2933033,6
2933063,6
2933103,9
2933133,9
2933233,9
2933253,5
2933263,6
2933323,9
2933353,6
2933413,6
2933453,9
2933513,9
2933563,8
2933573,9
2933613,8
2933633,5
2933643,6
2933663,9
2933704,5
2933733,9
2944263,9
2944305,6
2944383,1
2944473,3
2944483,9
2944543,6
2944563,5
2944583,9
2944623,9
2944643,9
2944673,6
2944713,2
2944753,9
2944803,8
2944843,8
2944863,7
2944883,9
2944893,9
2944973,9
2944993,2
2945014,7
2945063,9
2945123,7
2945133,1
2945163,3
2945243,9
2945323,9
2945403,8
2945433,9
2945443,9
2945513,8
2945543,9
2945553,9
2945583,9
2945593,9
2945663,8
2945763,6
2945803,7
2945813,8
2945823,5
2945843,9
2945853,1
2945863,7
2945893,8
2945903,9
2945913,6
2945923,1
2945933,8
2945963,9
2946003,3
2946013,9
2946053,5
2946083,8
2946103,6
2946113,7
2946143,9
2946153,1
2946193,9
2946233,9
2946253,9
2946263,6
2946323,6
2946343,2
2946353,3
2946373,6
2946383,7
2946393,6
2946423,9
2946433,1
2946443,9
2946473,9
2946563,1
2946583,9
2946613,4
2946663,8
2946683,9
2946703,6
2946723,5
2946873,9
2946883,8
2946903,1
2946913,4
2946933,9
2946973,5
2947023,9
2947093,1
2947123,9
2947193,3
2947203,9
2947223,9
2947303,9
2947313,5
2947323,4
2947353,5
2947365,7
2947383,6
2947393,9
2947403,9
2947413,9
2947434,7
2947453,5
2947463,8
2947533,9
2947543,9
2947553,4
2947583,7
2947613,8
2947653,8
2947673,6
2947683,5
2947725,7
2947733,9
2947753,2
2947763,5
2947773,7
2947803,9
2947853,9
2947923,9
2947933,5
2947943,9
2947963,8
2947973,5
2947993,9
2948013,1
2948113,9
2948123,9
2948223,1
2948253,9
2948313,5
2948333,9
2948353,9
2948363,8
2948373,8
2948383,2
2948413,9
2948433,9
2948473,7
2948483,9
2948493,4
2948513,8
2948533,9
2948553,6
2948563,7
2948573,5
2948623,5
2948643,9
2948683,9
2948693,9
2948703,9
2948723,5
2948753,9
2948763,3
2948773,8
2948783,5
2948855,2
2948914,3
2948943,6
2948993,9
2949033,6
2949063,1
2949123,9
2949153,8
2949193,9
2949223,9
2949255,1
2949263,5
2949413,9
2949433,9
2949483,9
2949533,1
2949563,5
2949633,6
2949713,9
2949743,5
2949763,8
2949783,5
2949793,9
2949803,8
2949823,9
2949843,6
2949853,8
2949865,1
2949923,9
2949953,6
2950033,9
2950073,9
2950083,9
2950113,1
2950133,4
2950143,5
2950153,9
2950163,9
2950373,7
2950383,9
2950503,5
2950513,4
2950533,9
2950553,9
2950583,9
2950603,9
2950653,9
2950663,9
2950683,9
2950693,9
2950813,9
2950853,7
2950873,6
2950913,8
2951003,4
2951013,4
2951043,7
2951053,9
2951063,2
2951073,7
2951113,7
2951133,5
2951213,5
2951253,9
2951263,9
2951353,7
2951483,8
2951503,7
2951513,9
2951613,9
2951623,6
2951643,9
2951673,9
2951743,1
2951754,9
2951773,7
2951813,5
2951843,7
2951853,9
2951923,8
2951933,5
2951963,5
2951993,9
2952043,4
2952093,1
2952135,3
2952173,9
2952193,9
2952223,9
2952233,9
2952253,9
2952303,4
2952333,9
2952343,9
2952383,4
2952425,9
2952493,9
2952503,9
2952533,7
2952613,6
2952623,6
2952653,5
2952703,5
2952723,3
2952753,9
2952773,9
2952793,8
2952824,9
2952983,9
2952993,7
2953023,7
2953103,6
2953113,1
2953193,6
2953223,9
2953273,6
2953283,5
2953333,8
2953433,6
2953443,1
2953483,6
2953553,9
2953604,3
2953613,7
2953633,9
2953643,6
2953653,7
2953733,9
2953874,1
2953933,5
2953963,9
2953983,8
2954053,3
2954093,9
2954113,3
2954163,9
2954183,9
2954235,4
2954243,9
2954253,6
2954335,1
2954363,2
2954383,1
2954403,6
2954443,5
2954493,7
2954523,9
2954533,9
2954593,8
2954613,8
2954624,8
2954633,2
2954673,9
2954703,9
2954793,8
2954834,7
2954853,2
2954903,9
2954963,3
2954973,9
2955003,1
2955113,4
2955123,8
2955173,2
2955213,8
2955283,2
2955373,5
2955393,8
2955403,4
2955413,6
2955523,7
2955565,2
2955653,9
2955663,8
2955675,1
2955683,8
2955703,6
2955743,9
2955763,6
2955773,5
2955813,3
2955903,3
2955933,7
2988812,4
2988832,6
2988842,3
2988852,4
2988864,6
2988872,8
2988893,9
2988902,9
2988932,7
2988942,6
2988992,6
2989032,9
2989042,9
2989052,9
2989092,7
2989102,9
2989122,8
2989132,9
2989172,9
2989182,4
2989193,9
2989242,5
2989262,9
2989312,9
2989332,8
2989372,8
2989382,3
2989483,2
2989502,4
2989552,4
2989572,9
2989592,8
2989652,4
2989682,9
2989732,9
2989752,6
2989782,9
2989872,9
2989892,6
2989932,6
2989962,5
2989982,5
2990014,5
2990022,9
2990032,8
2990072,9
2990092,8
2990112,9
2990122,2
2990134,1
2990172,5
2990192,5
2990262,7
2990272,2
2990282,9
2990382,5
2990402,3
2990412,2
2990432,8
2990454,6
2990472,5
2990484,9
2990652,7
2990662,3
2990702,5
2990712,4
2990722,3
2990742,6
2990782,8
2990802,3
2990812,6
2990902,2
2990942,1
2990962,9
2991072,9
2991112,7
2991152,9
2991232,9
2991292,8
2991392,5
2991452,8
2991464,9
2991472,8
2991492,9
2991503,9
2991522,9
2991542,9
2991562,9
2991572,9
2991582,9
2991612,8
2991652,7
2991792,8
2991822,9
2991852,9
2991872,9
2991912,7
2991972,9
2992032,7
2992042,9
2992062,9
2992082,9
2992092,8
2992112,9
2992162,8
2992182,3
2992242,9
2992282,3
2992302,9
2992342,9
2992362,6
2992432,8
2992472,7
2992482,9
2992502,5
2992562,8
2992602,9
2992612,9
2992632,9
2992662,5
2992672,2
2992682,2
2992712,9
2992742,8
2992782,9
2992802,2
2992812,9
2992862,5
2992872,9
2992902,9
2992932,6
2992942,5
2992952,8
2993022,8
2993032,7
2993082,1
2993112,9
2993142,8
2993162,9
2993202,8
2993212,5
2993282,5
2993302,1
2993352,8
2993432,9
2993453,4
2993462,4
2993493,5
2993514,9
2993532,5
2993612,7
2993625,2
2993682,6
2993752,9
2993762,6
2993812,9
2993832,9
2993892,9
2993942,3
2993952,9
2993962,9
2993982,5
2994002,9
2994032,7
2994042,9
2994052,6
2994122,4
2994202,8
2994252,5
2994262,9
2994292,8
2994322,9
2994342,1
2994382,8
2994442,6
2994462,1
2994473,6
2994502,9
2994532,1
2994572,8
2994692,9
2994732,3
2994822,9
2994862,6
2994972,9
2995002,8
2995022,9
2995052,8
2995062,9
2995122,3
2995182,4
2995212,7
2995252,9
2995282,6
2995312,9
2995402,8
2995412,4
2995452,9
2995622,5
2995632,9
2995682,9
2995732,9
2995772,5
2995785,2
2995822,9
2995882,9
2995912,7
2995922,7
2995932,8
2995952,5
2995982,5
2996002,5
2996022,9
2996032,5
2996042,9
2996072,9
2996082,6
2996092,9
2996102,8
2996135,8
2996142,8
2996162,7
2996192,1
2996212,9
2996262,5
2996283,7
2996322,9
2996372,9
2996382,5
2996392,7
2996412,4
2996422,6
2996432,5
2996512,8
2996552,9
2996562,9
2996572,6
2996582,9
2996702,3
2996782,5
2996792,9
2996802,6
2996812,5
2996822,5
2996832,9
2996932,9
2996952,3
2996982,8
2997025,5
2997082,9
2997112,9
2997122,8
2997132,2
2997152,8
2997162,9
2997172,2
2997212,5
2997232,9
2997242,8
2997372,9
2997382,5
2997452,9
2997472,8
2997482,4
2997502,9
2997512,5
2997554,3
2997562,8
2997582,9
2997602,9
2997622,8
2997652,6
2997672,9
2997692,8
2997712,6
2997722,4
2997735,1
2997762,9
2997775,9
2997782,9
2997792,9
2997852,8
2997872,8
2997902,9
2997922,9
2997992,8
2998022,8
2998032,8
2998092,9
2998122,9
2998202,1
2998242,8
2998272,7
2998282,5
2998302,6
2998322,5
2998332,8
2998372,9
2998392,9
2998465,3
2998472,1
2998482,6
2998512,9
2998522,9
2998572,5
2998582,9
2998672,5
2998682,9
2998722,9
2998752,9
2998802,5
2998812,9
2998822,8
2998842,9
2998912,8
2999012,3
2999042,4
2999072,9
2999125,4
2999162,3
2999172,5
2999192,3
2999202,7
2999252,8
2999292,9
2999322,2
2999372,2
2999402,7
2999412,8
2999442,6
2999502,7
2999515,3
2999532,5
2999562,9
2999572,2
2999582,9
2999702,9
2999742,6
2999762,6
2999792,5
2999862,9
2999902,6
2999922,9
2999932,4
2999983,5
2999992,9
3000012,6
3000032,8
3000062,8
3000072,9
3000142,8
3000284,9
3000322,9
3000372,9
3000382,8
3000402,9
3000442,6
3000452,2
3000472,4
3000512,4
3000532,5
3000552,9
3000572,8
3000612,9
3000622,5
3000662,7
3000702,9
3000732,8
3000742,8
3000772,6
3000893,5
3000912,8
3000935,5
3000982,6
3001012,8
3001032,9
3001072,9
3001182,6
3001232,9
3001262,8
3001272,9
3001332,3
3001342,5
3001352,5
3001362,7
3001372,7
3001402,4
3001492,9
3001512,5
3001562,4
3001602,3
3001622,9
3001632,9
3001642,6
3001652,9
3001682,3
3001692,3
3001702,9
3001722,9
3001732,8
3001772,8
3001822,8
3001872,8
3001892,5
3001952,9
3001972,8
3001982,4
3002034,5
3002042,7
3002082,9
3002102,9
3002112,4
3002162,9
3002192,9
3002212,7
3002222,9
3002242,6
3002312,9
3002322,5
3002332,9
3002342,4
3002412,7
3002452,9
3002462,7
3002472,8
3002532,5
3002572,9
3002602,9
3002612,5
3002652,6
3002682,9
3002692,8
3002742,8
3002762,9
3002782,9
3002802,4
3002842,5
3002892,9
3002912,9
3002972,7
3002982,8
3003002,1
3003012,9
3003062,9
3003072,6
3003092,9
3003102,9
3003172,1
3003182,9
3003252,4
3003272,9
3003322,8
3003404,5
3003412,9
3003442,9
3003552,8
3003632,3
3003732,9
3003752,9
3003822,7
3003842,9
3003862,5
3003903,9
3004032,9
3004055,7
3004062,9
3004112,8
3004122,9
3004142,9
3004182,9
3004222,9
3004252,3
3004272,6
3004312,7
3004362,9
3004382,9
3004412,9
3004452,8
3004482,8
3004492,4
3004502,3
3004542,9
3004592,6
3004652,9
3004682,6
3004692,6
3004712,5
3004722,9
3004772,9
3004812,9
3004852,8
3004882,4
3004892,5
3004905,6
3004912,9
3004992,5
3005092,1
3005102,9
3005112,9
3005132,8
3005152,4
3005232,9
3005262,8
3005322,9
3005392,7
3005442,4
3005462,9
3005562,5
3005572,6
3005592,9
3005612,8
3005622,8
3005672,3
3005712,8
3005742,4
3005762,6
3005842,5
3005852,5
3005862,8
3005872,8
3005902,9
3005912,2
3005942,9
3005962,9
3006002,1
3006034,1
3006053,4
3006082,9
3006172,9
3006232,5
3006242,9
3006262,3
3006272,9
3006284,7
3006334,2
3006362,5
3006432,5
3006542,8
3006582,9
3006662,9
3006762,9
3006772,5
3006792,9
3006802,5
3006812,9
3006842,9
3006852,3
3006872,8
3006905,7
3006922,8
3006952,9
3006972,2
3006992,9
3007002,7
3007032,4
3007042,6
3007062,8
3007072,9
3007112,7
3007192,9
3007272,9
3007292,5
3007312,9
3007324,5
3007332,5
3007392,8
3007402,3
3007442,9
3007472,5
3007512,5
3007532,7
3007592,9
3007612,6
3007682,1
3007692,4
3007702,8
3007712,5
3007722,5
3007742,9
3007752,6
3007812,5
3007842,9
3007912,9
3007942,9
3007955,4
3007962,9
3007972,9
3008032,3
3008042,5
3008102,5
3008182,9
3008252,8
3008292,5
3008302,9
3008322,8
3008332,9
3008372,9
3008392,9
3008442,9
3008452,8
3008492,1
3008502,9
3008512,9
3008532,2
3008542,6
3008562,5
3008572,6
3008612,9
3008632,9
3008652,8
3008732,2
3008742,9
3008762,8
3008852,9
3008872,6
3008882,8
3008902,9
3008912,9
3008932,8
3008942,6
3008952,9
3008962,4
3008993,3
3009022,7
3009132,8
3009162,2
3009172,7
3009202,9
3009252,7
3009262,8
3009285,5
3009312,5
3009372,9
3009385,9
3009472,6
3009532,8
3009542,3
3009592,9
3009682,6
3009692,9
3009732,9
3009762,8
3009772,9
3009782,6
3009842,7
3009852,4
3009862,8
3009882,8
3009892,5
3009932,7
3009962,8
3010022,9
3010052,6
3010082,4
3010102,5
3010122,8
3010142,9
3010222,6
3010232,8
3010272,9
3010312,9
3010423,5
3010483,8
3010502,7
3010542,1
3010552,9
3010572,9
3010622,9
3010632,9
3010662,3
3010692,3
3010702,4
3010733,6
3010742,9
3010752,1
3010792,5
3010852,8
3010862,8
3010882,8
3010922,9
3010932,5
3010972,5
3011012,9
3011022,9
3011042,3
3011052,9
3011062,7
3011124,2
3011162,9
3011182,6
3011212,6
3011222,6
3011252,9
3045343,3
3045354,8
3045384,4
3045402,3
3045412,3
3045423,9
3045435,1
3045484,9
3045513,4
3045523,1
3045563,7
3045574,6
3045594,9
3045613,5
3045644,8
3045654,1
3045664,5
3045683,4
3045705,1
3045724,9
3045735,6
3045763,7
3045782,9
3045792,7
3045825,2
3045864,9
3045883,5
3045894,7
3045905,1
3045915,9
3045932,4
3045944,3
3045973,9
3045984,2
3045994,8
3046012,3
3046043,3
3046052,6
3046063,9
3046085,8
3046114,8
3046135,3
3046145,3
3046175,5
3046204,3
3046232,3
3046245,8
3046274,8
3046294,6
3046305,8
3046314,6
3046324,8
3046374,1
3046385,1
3046393,2
3046405,1
3046424,6
3046434,8
3046455,2
3046543,5
3046563,1
3046583,9
3046635,9
3046644,6
3046654,4
3046665,9
3046675,4
3046684,2
3046715,9
3046722,5
3046763,3
3046775,9
3046825,5
3046835,4
3046854,9
3046875,7
3046905,1
3046944,6
3046955,4
3046975,6
3046992,7
3047004,6
3047033,9
3047044,9
3047052,9
3047104,7
3047112,4
3047144,7
3047163,8
3047191,9
3047212,9
3047271,4
3047321,4
3047361,2
3047382,5
3047392,5
3047411,7
3047452,1
3047472,7
3047491,9
3047502,9
3047514,5
3047533,9
3047553,6
3047661,2
3047684,8
3047702,7
3047713,6
3047804,8
3047813,5
3047822,1
3047831,9
3047842,4
3047864,9
3047892,4
3047902,6
3047941,7
3048022,3
3048041,8
3048051,6
3048083,9
3048133,6
3048142,8
3048151,9
3048193,3
3048201,6
3048214,2
3048241,4
3048303,9
3048312,3
3048332,7
3048361,4
3048394,3
3048404,9
3048441,9
3048453,9
3048483,5
3048491,7
3048543,5
3048583,1
3048601,9
3048612,5
3048631,7
3048652,9
3048703,9
3048713,6
3048742,9
3048771,5
3048823,6
3048852,4
3048892,8
3048931,9
3049011,6
3049034,5
3049064,7
3049071,1
3049102,4
3049161,3
3049181,9
3049192,9
3049204,3
3049222,8
3049243,9
3049262,6
3049273,2
3049294,5
3049331,3
3049384,9
3049412,6
3049432,4
3049462,5
3049524,9
3049552,3
3049563,6
3049593,6
3049601,3
3049611,9
3049621,9
3049653,3
3049711,4
3049753,8
3049783,4
3049792,7
3049801,5
3049814,7
3049824,7
3049841,5
3049873,4
3049882,9
3049893,2
3049963,9
3049982,7
3050084,9
3050141,6
3050172,3
3050184,9
3050221,7
3050244,5
3050252,5
3050264,9
3050291,3
3050302,6
3050311,8
3050322,8
3050332,6
3050352,8
3050402,8
3050464,9
3050481,9
3050533,6
3050553,9
3050563,9
3050572,6
3050592,8
3050601,9
3050613,6
3050623,9
3050661,9
3050743,2
3050751,6
3050793,3
3050851,6
3050861,5
3050884,9
3050894,6
3050914,1
3050921,5
3050954,3
3050961,6
3050984,3
3051003,8
3051032,7
3051092,9
3051154,9
3051174,2
3051194,7
3051202,2
3051231,8
3051292,6
3051304,5
3051341,3
3051411,9
3051481,4
3051501,3
3051522,4
3051571,8
3051583,5
3051614,9
3051624,5
3051632,8
3051704,7
3051712,9
3051744,9
3051751,6
3051763,5
3051771,8
3051823,5
3051912,8
3051923,9
3051944,8
3051954,3
3052004,5
3052072,3
3052133,8
3052171,2
3052192,5
3052202,2
3052223,6
3052261,3
3052302,8
3052322,5
3052354,1
3052372,8
3052464,6
3052472,2
3052512,6
3052532,6
3052583,6
3052644,9
3052651,3
3052734,5
3052744,7
3052803,8
3052884,6
3052904,2
3052911,8
3052922,5
3052944,7
3052973,8
3052981,2
3052994,3
3053004,5
3053063,4
3053071,7
3053133,3
3053164,9
3053234,3
3053253,6
3053304,9
3053323,9
3053332,4
3053353,6
3053384,9
3053394,6
3053434,8
3053494,4
3053502,3
3053534,5
3053553,5
3053564,6
3053571,6
3053583,9
3053593,5
3053621,9
3053653,7
3053682,3
3053692,9
3053703,5
3053751,5
3053883,6
3053903,9
3053954,3
3053974,9
3053982,6
3054003,4
3054082,7
3054103,3
3054131,4
3054152,8
3054174,9
3054193,5
3054202,9
3054214,2
3054221,9
3054262,6
3054273,4
3054373,9
3054391,8
3054433,2
3054473,6
3054481,8
3054511,8
3054544,5
3054582,8
3054614,9
3054622,5
3054632,9
3054662,9
3054681,8
3054701,6
3054713,9
3054753,9
3054764,9
3054783,3
3054811,4
3054851,5
3054862,8
3054923,7
3054972,9
3054982,8
3055002,3
3055023,5
3055033,2
3055054,7
3055062,9
3055092,4
3055102,2
3055111,7
3055193,9
3055201,4
3055212,6
3055221,2
3055251,9
3055294,4
3055351,7
3055413,9
3055432,8
3055462,9
3055472,3
3055593,2
3055602,6
3055653,9
3055661,6
3055701,3
3055744,5
3055761,1
3055774,6
3055802,7
3055831,4
3055844,5
3055851,7
3055864,9
3055904,8
3055974,9
3055983,9
3056001,6
3056011,9
3056032,9
3056044,5
3056174,8
3056204,9
3056231,5
3056242,9
3056262,7
3056292,7
3056314,1
3056341,9
3056351,5
3056372,9
3056411,5
3056432,7
3056443,3
3056453,1
3056474,8
3056542,8
3056562,5
3056601,5
3056613,9
3056674,6
3056701,8
3056763,4
3056792,9
3056804,4
3056824,9
3056832,9
3056883,8
3056941,8
3056974,8
3057032,9
3057103,7
3057173,7
3057222,8
3057233,4
3057244,3
3057264,1
3057284,3
3057294,9
3057302,8
3057343,8
3057351,6
3057414,6
3057461,3
3057482,9
3057532,4
3057554,9
3057561,9
3057614,7
3057631,3
3057663,8
3057672,9
3057702,5
3057741,3
3057752,9
3057782,8
3057801,1
3057821,1
3057841,5
3057862,8
3057874,8
3057893,4
3057932,2
3057964,8
3058044,1
3058061,6
3058071,8
3058093,8
3058134,7
3058141,8
3058162,1
3058172,9
3058201,4
3058221,5
3058261,7
3058293,1
3058304,2
3058354,9
3058371,8
3058382,4
3058392,4
3058403,4
3058444,5
3058452,9
3058461,4
3058471,5
3058571,5
3058611,8
3058761,9
3058772,9
3058784,6
3058803,3
3058823,5
3058833,5
3058861,6
3058932,1
3059011,9
3059024,2
3059034,7
3059141,9
3059164,6
3059172,5
3059182,5
3059203,2
3059231,9
3059313,6
3059353,8
3059362,5
3059372,4
3059402,2
3059424,2
3059433,8
3059442,9
3059462,7
3059472,9
3059482,3
3059501,5
3059543,6
3059554,8
3059574,8
3059581,9
3059694,4
3059701,2
3059722,9
3059733,7
3059751,7
3059784,7
3059824,1
3059854,9
3059861,5
3059883,8
3059892,9
3059902,4
3059931,8
3059994,9
3060044,5
3060052,7
3060064,5
3060083,5
3060114,9
3060132,6
3060214,6
3060224,8
3060243,6
3060274,9
3060304,7
3060334,9
3060341,5
3060404,4
3060413,4
3060473,6
3060511,8
3060522,5
3060531,5
3060543,3
3060561,9
3060571,9
3060582,9
3060613,6
3060621,1
3060643,3
3060652,4
3060661,1
3060764,8
3060782,4
3060851,9
3060862,4
3060872,7
3060892,1
3060931,8
3060941,1
3060954,5
3060961,6
3060973,9
3061014,7
3061072,4
3061103,4
3061131,5
3061183,9
3061192,5
3061231,5
3061241,8
3061253,1
3061291,6
3061353,8
3061382,9
3061442,9
3061474,2
3061482,9
3061553,9
3061574,1
3061591,7
3061603,2
3061613,4
3061632,7
3061714,3
3061722,5
3061751,2
3061762,5
3061773,4
3061783,8
3061853,8
3061873,9
3061884,6
3061971,6
3062054,9
3062072,2
3062091,5
3062104,5
3062164,3
3062193,8
3062222,4
3062251,9
3062322,3
3062353,9
3062424,5
3062493,1
3062501,6
3062513,4
3062521,2
3062542,1
3062571,6
3062603,9
3062643,5
3062721,6
3062734,5
3062741,8
3062773,6
3062784,7
3062792,2
3062813,1
3062823,2
3062831,9
3062852,9
3062864,8
3062921,4
3062932,5
3062961,9
3063013,7
3063024,5
3063033,7
3063053,6
3063081,7
3063093,7
3063102,9
3063132,9
3063162,9
3063182,4
3063191,6
3063321,5
3063344,9
3063374,4
3063423,2
3063451,3
3063534,7
3063572,1
3063591,9
3063613,3
3063622,5
3063684,6
3063701,9
3063722,5
3063742,4
3063754,5
3063762,9
3063864,3
3063893,5
3063903,2
3063914,8
3063921,9
3063932,7
3063991,8
3064002,5
3064033,7
3064083,5
3064102,5
3064114,4
3064134,4
3064154,7
3064194,9
3064211,6
3064222,3
3064244,7
3064263,8
3064293,5
3064354,9
3064374,9
3064394,8
3064402,8
3064443,4
3064543,1
3064611,9
3064653,9
3064663,8
3064722,8
3064734,5
3064754,3
3064763,8
3064782,4
3064843,8
3064863,3
3064891,9
3064903,4
3064914,9
3064922,2
3064932,9
3064953,9
3064992,4
3065004,9
3065011,9
3065042,2
3065063,9
3065103,9
3065133,9
3065141,5
3065173,6
3065182,3
3065201,3
3065222,3
3065251,2
3065264,9
3065314,6
3065342,5
3065372,1
3065413,5
3065423,9
3065431,9
3065463,3
3065472,9
3065502,5
3065522,9
3065594,9
3065604,7
3065621,7
3065644,8
3065701,9
3065714,7
3065781,8
3065823,7
3065831,5
3065912,3
3065931,6
3065964,5
3065974,9
3066044,9
3066054,1
3066113,1
3066121,9
3066163,1
3066223,1
3066244,9
3066251,6
3066273,9
3066321,3
3066331,5
3066353,8
3066383,1
3066461,5
3066531,8
3066564,7
3066571,9
3066603,9
3066633,6
3066691,3
3066701,8
3066713,2
3066752,6
3066773,8
3066791,8
3066811,5
3066851,8
3066871,5
3066913,5
3066953,9
3066963,4
3066973,5
3067003,2
3067041,7
3067094,8
3067102,5
3067114,5
3067141,9
3067151,2
3067192,6
3067284,9
3067304,8
3067314,5
3067333,4
3067354,9
3067362,9
3067394,5
3067401,6
3067411,2
3067423,1
3067442,2
3067452,5
3067474,9
3067494,8
3067504,9
3067512,3
3067551,7
3067594,1
3067601,4
3067623,6
3067642,8
3067674,9
3067702,9
3067754,7
3067764,9
3067774,1
3067781,9
3067814,9
3067834,6
3067844,5
3067854,6
3067862,1
3067872,6
3067881,5
3067913,1
3067933,8
3067962,7
3067982,9
3067991,1
3068004,8
3068032,6
3068091,2
3068174,7
3068192,6
3068204,8
3068224,3
3068241,8
3068302,9
3068344,6
3068413,9
3068433,8
3068484,9
3068493,8
3068501,1
3068513,9
3068531,7
3068541,5
3068552,7
3068562,6
3068572,8
3068582,9
3068592,9
3068604,6
3068624,9
3068634,4
3068643,2
3068653,7
3068693,3
3068712,9
3068753,9
3068804,6
3068832,9
3068851,4
3068864,4
3068904,5
3068963,9
3068982,3
3068992,7
3069021,5
3069074,1
3069094,7
3069133,4
3069163,6
3069171,6
3069184,8
3069203,4
3069214,1
3069251,6
3069293,8
3069301,7
3069321,7
3069343,9
3069391,4
3069424,5
3069474,7
3069534,7
3069562,2
3069572,5
3069602,5
3069612,9
3069624,5
3069651,4
3069684,3
3069713,8
3069763,9
3069782,5
3069833,8
3069863,7
3069954,9
3069961,7
3069992,5
3070014,9
3070042,9
3070073,8
3070101,9
3070114,7
3070124,7
3070211,8
3070221,9
3070231,9
3070243,6
3070283,5
3070321,9
3070331,9
3070341,3
3070361,9
3070383,5
3070411,3
3070451,9
3070462,7
3070474,7
3070482,9
3070491,1
3070593,9
3070672,8
3070702,3
3070764,9
3070774,5
3070811,9
3070834,3
3070853,9
3070863,9
3070871,3
3070881,6
3070892,9
3070903,7
3070933,9
3070984,9
3070992,5
3071004,6
3071083,5
3071093,7
3071133,9
3071162,7
3071172,6
3071201,9
3071221,9
3071234,9
3071244,9
3071251,6
3071292,5
3071303,6
3071324,1
3071342,4
3071363,8
3071411,8
3071421,5
3071472,7
3071502,7
3071523,9
3071561,7
3071581,8
3071612,7
3071642,9
3071661,9
3071701,9
3071794,5
3071833,4
3071843,4
3071851,9
3071902,8
3071921,6
3071943,1
3071973,8
3071983,7
3072014,4
3072022,4
3072052,1
3072061,5
3072073,4
3072094,9
3072134,9
3072152,8
3072182,9
3072201,9
3072212,6
3072233,2
3072244,5
3072262,6
3072282,8
3072301,9
3072341,8
3072354,1
3072402,3
3072432,9
3072442,4
3072471,7
3072482,5
3072534,6
3072573,3
3072611,3
3072644,8
3072654,9
3072714,3
3072761,8
3072831,9
3072844,2
3072854,7
3072874,8
3072962,1
3072994,4
3073061,5
3073074,6
3073081,9
3073124,3
3073134,8
3073142,9
3073174,9
3073191,9
3073222,9
3073251,8
3073273,8
3073284,6
3073324,7
3073344,7
3073354,6
3073381,4
3073394,8
3073401,9
3073411,5
3073512,7
3073522,6
3073561,5
3073572,9
3073592,7
3073623,5
3073634,5
3073643,4
3073662,9
3073674,2
3073694,5
3073701,9
3073724,5
3073763,3
3073802,6
3073831,1
3073863,9
3073873,6
3073882,6
3073933,1
3074012,8
3074031,4
3074072,9
3074083,3
3074111,6
3074143,9
3074154,6
3074164,6
3074172,8
3074261,4
3074274,6
3074301,9
3074323,5
3074363,9
3074374,8
3074383,9
3074401,9
3074423,3
3074432,9
3074444,3
3074463,5
3074471,6
3074483,9
3074494,4
3074502,7
3074514,9
3074531,1
3074573,4
3074593,1
3074612,8
3074633,2
3074662,5
3074692,9
3074714,5
3074723,4
3074752,4
3074783,9
3074793,8
3074811,9
3074864,9
3074871,9
3074884,3
3074903,5
3074924,4
3074971,9
3074982,5
3074994,5
3075011,6
3075024,9
3075031,5
3075091,2
3075121,8
3075132,6
3075153,5
3075174,4
3075181,8
3075221,4
3075263,7
3075271,9
3075291,6
3075331,9
3075363,7
3075382,4
3075401,6
3075414,9
3075443,9
3075451,5
3075514,9
3075542,3
3075551,7
3075571,1
3075603,3
3075661,3
3075673,4
3075724,6
3075741,9
3075804,5
3075814,6
3075833,9
3075873,5
3075881,9
3075913,9
3075934,9
3075961,8
3075991,8
3076014,8
3076024,5
3076041,7
3076094,9
3076114,7
3076143,6
3076162,9
3076203,8
3076233,4
3076252,1
3076302,8
3076344,1
3076354,5
3076384,9
3076443,2
3076514,8
3076553,9
3076602,8
3076664,5
3076672,9
3076701,8
3076742,3
3076801,9
3076812,9
3076851,8
3076863,9
3076881,1
3076902,8
3076922,9
3076931,7
3076944,3
3077042,9
3077091,5
3077111,9
3077133,4
3077163,5
3077193,9
3077243,9
3077323,9
3077391,9
3077404,2
3077423,7
3077433,9
3077481,5
3077491,6
3077551,4
3077594,9
3077603,4
3077664,6
3077781,5
3077804,8
3077844,5
3077861,5
3077934,6
3077942,1
3077962,9
3077993,1
3078004,3
3078012,4
3078091,7
3078223,9
3078281,8
3078292,9
3078334,3
3078341,5
3078423,5
3078442,5
3078452,1
3078464,9
3078481,9
3078494,9
3078512,4
3078524,8
3078544,5
3078551,8
3078574,9
3078584,2
3078592,9
3078632,6
3078664,2
3078674,9
3078701,8
3078731,2
3078782,8
3078803,2
3078841,3
3078851,3
3078973,8
3079072,4
3079081,8
3079113,8
3079123,8
3079134,3
3079281,2
3079324,5
3079352,9
3079362,6
3079374,5
3079383,6
3079394,5
3079424,9
3079433,6
3079443,7
3079472,9
3079523,3
3079534,4
3079543,5
3079552,4
3079563,8
3079571,9
3079614,6
3079682,2
3079762,5
3079794,8
3079844,2
3079894,4
3079903,9
3079914,5
3079942,8
3079964,6
3079984,7
3079993,1
3080002,5
3080034,3
3080061,4
3080071,6
3080112,6
3080141,6
3080152,3
3080164,9
3080191,9
3080211,7
3080223,5
3080281,8
3080293,3
3080353,8
3080374,9
3080414,8
3080452,8
3080463,9
3080512,1
3080564,5
3080593,2
3080611,9
3080621,6
3080662,4
3080683,5
3080703,4
3080741,5
3080803,5
3080823,2
3080861,7
3080873,8
3080882,5
3080911,3
3080942,9
3080952,9
3080963,5
3081003,9
3081013,6
3081024,9
3081083,6
3081113,9
3081133,8
3081164,9
3081191,9
3081213,6
3081253,9
3081304,1
3081382,6
3081391,8
3081421,9
3081492,9
3081504,9
3081514,5
3081551,8
3081562,9
3081571,9
3081682,2
3081731,9
3081742,4
3081762,3
3081802,6
3081813,9
3081833,6
3081842,4
3081911,9
3081921,3
3081971,7
3082033,9
3082074,3
3082082,9
3082091,1
3082122,8
3082131,5
3082142,9
3082192,7
3082211,5
3082224,1
3082241,3
3082251,9
3082271,8
3082292,5
3082324,6
3082332,3
3082361,4
3082463,6
3082511,9
3082542,4
3082564,9
3082574,9
3082602,3
3082644,8
3082683,1
3082712,4
3082741,9
3082772,6
3082804,5
3082823,2
3082844,9
3082901,9
3082922,9
3082962,9
3082973,7
3082991,9
3083032,5
3083041,7
3083082,3
3083093,9
3083113,4
3083121,3
3083131,9
3083162,6
3083193,1
3083201,1
3083223,8
3083254,9
3083293,5
3083331,9
3083343,9
3083364,5
3083383,5
3083392,9
3083434,5
3083484,1
3083581,9
3083591,5
3083601,7
3083612,5
3083624,8
3083633,3
3083644,7
3083684,9
3083692,9
3083732,7
3083771,1
3083814,1
3083823,6
3083863,4
3083874,2
3083891,4
3083902,6
3083921,9
3083941,1
3083973,1
3084031,6
3084044,9
3084092,4
3084102,6
3084121,7
3084144,5
3084162,6
3084194,3
3084222,7
3084274,4
3084321,9
3084352,5
3084363,7
3084404,9
3084412,9
3084421,5
3084432,9
3084444,8
3084484,9
3084524,4
3084531,7
3084572,9
3084584,5
3084613,1
3084621,9
3084662,8
3084673,6
3084683,5
3084732,1
3084754,9
3084843,5
3084874,5
3084903,9
3084944,8
3085042,3
3085124,2
3085161,8
3085171,8
3085182,8
3085194,5
3085201,9
3085284,5
3085293,5
3085322,5
3085361,8
3085371,8
3085392,4
3085451,9
3085471,6
3085532,4
3085551,3
3085571,9
3085613,9
3085662,8
3085693,6
3085702,9
3085744,2
3085753,8
3085833,6
3085852,9
3085862,9
3085873,5
3085903,8
3085921,4
3085942,6
3085972,8
3086002,9
3086031,6
3086042,5
3086121,7
3086144,6
3086153,1
3086212,7
3086223,9
3086232,8
3086252,1
3086282,9
3086292,4
3086301,9
3086351,5
3086383,9
3086404,5
3086412,9
3086424,1
3086454,2
3086481,9
3086501,5
3086513,4
3086571,8
3086582,8
3086623,9
3086631,4
3086653,8
3086682,5
3086731,9
3086753,6
3086764,7
3086781,8
3086803,6
3086822,5
3086861,1
3086923,8
3086941,9
3086952,9
3087003,4
3087013,5
3087021,9
3087034,3
3087054,4
3087061,4
3087102,5
3087111,3
3087241,2
3087272,4
3087291,3
3087334,5
3087341,5
3087353,9
3087362,8
3087371,9
3087382,5
3087394,5
3087412,3
3087433,4
3087452,2
3087473,8
3087571,9
3087584,4
3087603,9
3087633,4
3087644,8
3087664,4
3087691,3
3087731,2
3087742,5
3087792,4
3087833,5
3087874,6
3087892,7
3087901,9
3087924,5
3087961,7
3087984,6
3087994,2
3088011,1
3088024,7
3088032,5
3088064,8
3088072,9
3088081,9
3088122,9
3088133,3
3088143,8
3088244,6
3088263,9
3088272,1
3088291,9
3088303,7
3088313,9
3088333,1
3088374,5
3088392,3
3088443,9
3088451,9
3088471,8
3088512,4
3088604,4
3088653,9
3088671,8
3088681,4